fullname;number
Keanu Major;514
Estefani Knudsen;515
Julien Preston;9
Gina Whitaker;265
Wesley Dickson;10
Heath Terry;15
Coleman Hinkle;791
Rachael Bustamante;537
Micah Everhart;539
Jalil Paz;31
Octavia Dowd;287
Iyanna Cheung;547
Tyshawn Street;549
Ellis Whalen;38
Karley Sargent;294
Raelynn Weatherford;296
Nathalie Curry;301
Karla Tilley;47
Adela Sharma;49
Gwyneth Crawley;305
Taylor Shepherd;565
Kinley Warner;568
Kacie Plummer;56
Mariana Collier;312
Jackson Marr;57
Maria Stevens;60
Heaven Eggleston;328
Shekinah Waite;72
Zayne Teal;587
Yusuf Schuler;855
Samaria Bautista;856
Felipe Spurlock;603
Bernadette Leger;859
Jalin Straub;92
Hannah Selby;96
Dominique Birch;866
Holland Gamez;355
Kristyn Hatcher;618
Mari Beard;625
Carly Stock;882
Selena Henry;627
Casey Amato;883
Reynaldo Kern;630
Julien Mckenzie;633
Mallory Zepeda;635
Sebastien Spangler;123
Greyson Love;892
Cara Ahrens;126
Dangelo Archer;894
Kaycee Kenyon;642
Kaia Metz;902
Tye Gregg;134
Karly Koehn;648
Carina Franks;910
Gracelyn Urbina;916
Kimberley Stanley;149
Kylah Robinson;415
Alessandra Barney;416
Mattie Dawkins;931
Carlee Rau;678
Sonja Andersen;937
Cornelius Trahan;426
Esperanza Ruby;173
Darnell Embry;942
Kamren Mueller;945
Destinee Foote;689
Tatianna Naylor;947
Giavanna Matos;180
Jaylan Sanchez;949
Ilana Mota;441
Lauryn Rich;698
Malaysia Edgar;188
Keon Arnett;959
Kyron Perdue;192
Elaine Cazares;960
Johnathan Newman;962
Travion Gifford;198
Ervin Feldman;458
Brodie Charles;204
Kylie Valentine;461
Glenn Rangel;976
Joel Bean;470
Carissa Patten;729
Kristen Adamson;476
Bernadette Benoit;480
India Gallagher;737
Jolie Snead;738
Ayana Cooley;482
Emery Solomon;483
Carlo Shockley;750
Ainsley Majors;494
Jarret Elliott;240
Konnor Rowley;243
Monica Ott;757
Jaela Ragsdale;246
Kevin Lindstrom;502
Isabelle McLaughlin;503
Nataly Ricci;762
Paige Doe;763
Jayleen Coughlin;766